<?xml version="1.0" encoding="UTF-8" standalone="yes"?>
<!--
    Kodi Adult Batch Installer Manifest File
    
-->
<installer>
    <addons>
        <addon>
            <addon_id>repository.kodiadult</addon_id>
            <username>tvaddonsco</username>
        </addon>
        <addon>
            <addon_id>plugin.video.uwc</addon_id>
            <username>tvaddonsco</username>
        </addon>
        <addon>
            <addon_id>plugin.video.videodevil</addon_id>
            <username>tvaddonsco</username>
        </addon>
    </addons>
</installer>